{"cameraMode":{"drawMode":0,"name":"Shaded","section":"Shading Mode"},"sceneLighting":true,"audioPlay":false,"sceneViewState":{"m_AlwaysRefresh":false,"showFog":true,"showSkybox":true,"showFlares":true,"showImageEffects":true,"showParticleSystems":true,"showVisualEffectGraphs":true,"m_FxEnabled":true},"in2DMode":false,"pivot":{"x":-3.8113481998443605,"y":32.523738861083987,"z":-12.772632598876954},"rotation":{"x":-0.4349685311317444,"y":0.0024260138161480428,"z":-0.0011726043885573745,"w":-0.9004502296447754},"size":0.9168049097061157,"orthographic":false}