{"cameraMode":{"drawMode":0,"name":"Shaded","section":"Shading Mode"},"sceneLighting":true,"audioPlay":false,"sceneViewState":{"m_AlwaysRefresh":false,"showFog":true,"showSkybox":true,"showFlares":true,"showImageEffects":true,"showParticleSystems":true,"showVisualEffectGraphs":true,"m_FxEnabled":true},"in2DMode":false,"pivot":{"x":-1.6873462200164796,"y":1.9354479312896729,"z":23.107715606689454},"rotation":{"x":-0.047959525138139728,"y":-0.03086746297776699,"z":0.0014774164883419872,"w":-0.9983838796615601},"size":24.242319107055665,"orthographic":false}