{"cameraMode":{"drawMode":0,"name":"Shaded","section":"Shading Mode"},"sceneLighting":true,"audioPlay":false,"sceneViewState":{"m_AlwaysRefresh":false,"showFog":true,"showSkybox":true,"showFlares":true,"showImageEffects":true,"showParticleSystems":true,"showVisualEffectGraphs":true,"m_FxEnabled":true},"in2DMode":false,"pivot":{"x":-4.25044059753418,"y":4.199733257293701,"z":3.3104515075683595},"rotation":{"x":0.1300610601902008,"y":-0.35024431347846987,"z":0.049181029200553897,"w":0.9262861013412476},"size":13.720590591430664,"orthographic":false}