{"cameraMode":{"drawMode":0,"name":"Shaded","section":"Shading Mode"},"sceneLighting":true,"audioPlay":false,"sceneViewState":{"m_AlwaysRefresh":false,"showFog":true,"showSkybox":true,"showFlares":true,"showImageEffects":true,"showParticleSystems":true,"showVisualEffectGraphs":true,"m_FxEnabled":true},"in2DMode":false,"pivot":{"x":0.5069386959075928,"y":9.789443016052246,"z":-13.168426513671875},"rotation":{"x":0.06294706463813782,"y":0.01885935664176941,"z":-0.0011896993964910508,"w":0.9978373646736145},"size":2.061471700668335,"orthographic":false}