{"cameraMode":{"drawMode":0,"name":"Shaded","section":"Shading Mode"},"sceneLighting":false,"audioPlay":false,"sceneViewState":{"m_AlwaysRefresh":false,"showFog":true,"showSkybox":false,"showFlares":true,"showImageEffects":true,"showParticleSystems":true,"showVisualEffectGraphs":true,"m_FxEnabled":true},"in2DMode":false,"pivot":{"x":0.057850971817970279,"y":-0.17925387620925904,"z":0.45110148191452029},"rotation":{"x":-0.4556938111782074,"y":-0.4320002794265747,"z":0.26964104175567629,"w":-0.730082094669342},"size":0.7316755056381226,"orthographic":false}