{"cameraMode":{"drawMode":0,"name":"Shaded","section":"Shading Mode"},"sceneLighting":false,"audioPlay":false,"sceneViewState":{"m_AlwaysRefresh":false,"showFog":true,"showSkybox":false,"showFlares":true,"showImageEffects":true,"showParticleSystems":true,"showVisualEffectGraphs":true,"m_FxEnabled":true},"in2DMode":false,"pivot":{"x":6.030765533447266,"y":4.515207290649414,"z":6.343749046325684},"rotation":{"x":-0.11206932365894318,"y":-0.058400385081768039,"z":0.006597372703254223,"w":-0.9919678568840027},"size":2.1997687816619875,"orthographic":false}