{"cameraMode":{"drawMode":0,"name":"Shaded","section":"Shading Mode"},"sceneLighting":true,"audioPlay":false,"sceneViewState":{"m_AlwaysRefresh":false,"showFog":true,"showSkybox":true,"showFlares":true,"showImageEffects":true,"showParticleSystems":true,"showVisualEffectGraphs":true,"m_FxEnabled":true},"in2DMode":false,"pivot":{"x":-0.9479199051856995,"y":6.680637359619141,"z":21.84425163269043},"rotation":{"x":-0.0662580132484436,"y":0.00957613717764616,"z":-0.0006358825485222042,"w":-0.9977574944496155},"size":20.22369956970215,"orthographic":false}